fips,mean
01001,29497.492369186046
01003,55860.29476939477
01005,18541.74831087627
01007,5542.900795307565
01009,33453.72288929333
01011,15555.8134039016
01013,10259.438507897514
01015,25363.607259114582
01017,13812.159520348838
01019,70253.18142030298
01021,18026.788584183672
01023,3219.2629163124984
01025,5954.866431858229
01027,15671.807641892206
01029,10308.251234005658
01031,69787.65594692888
01033,95239.51612389606
01035,16002.635493837553
01037,7343.645139126067
01039,47148.122440222534
01041,20528.605503627234
01043,42061.7337839227
01045,59913.45122767857
01047,35627.61599892064
01049,65095.30096970943
01051,35850.303297776445
01053,66383.0840551404
01055,41070.07485351562
01057,11270.365903893296
01059,29244.079441236412
01061,156012.2734375
01063,16801.95654296875
01065,23898.574797227648
01067,102186.85851469493
01069,152832.71932164635
01071,63157.39940991814
01073,7847.334920726103
01075,8809.647383527057
01077,129567.87568259725
01079,126623.71287567762
01081,14759.781499565972
01083,201576.33488175675
01085,28055.496350097656
01087,27022.078432829483
01089,163629.30406901042
01091,23833.314883809693
01093,14328.977398907697
01095,49398.00414496528
01097,29800.245139701896
01099,44342.038590714736
01101,33222.522148757685
01103,65380.334748641304
01105,22935.322878630264
01107,15040.117043887867
01109,28782.910129123266
01111,18692.469493230183
01113,9721.508675130208
01115,22476.215958305027
01117,18129.26905517578
01119,15460.7317796394
01121,41589.63526306152
01123,7005.960320789523
01125,11437.366237263102
01127,14466.656989921958
01129,5955.019074671977
01131,7253.884794347427
01133,17630.66548956008
02013,3.050082438146706
02016,2.511003437468811
02020,175.48570693046383
02050,5.331948987754786
02060,24.260867547255614
02068,3.199367227887043
02070,7.458872773067525
02090,87.41708870685372
02100,1.0548589656104146
02105,0.012076518669019223
02110,0.38812882437795293
02122,9.213043081364864
02130,0.12138495136808708
02150,11.125378433350537
02158,5.593688042172917
02164,10.515291332782725
02170,49.614635424332896
02180,4.711138169858816
02185,3.288836269965716
02188,2.5243969907934876
02195,0.0990452320964002
02198,0.022845233103584633
02220,7.238054496298054e-4
02230,1.3789852923203805
02240,181.8251241563879
02261,2.963730758383301
02275,0.19551528074633098
02282,2.2959916398095372
02290,4.107292937799496
04001,756.2035160954039
04003,13379.874298189674
04005,151.13845641082935
04007,1109.1566729745578
04009,16250.296922159176
04011,1833.2150703174548
04012,23918.683286700994
04013,24771.731891094027
04015,1196.8701293363372
04017,2246.224556978754
04019,6764.000229773071
04021,78181.28095765217
04023,4634.432242645615
04025,1347.3158802227433
04027,27485.273682080122
05001,390886.01925533765
05003,148035.05079609074
05005,18437.30517578125
05007,43439.92041015625
05009,52645.57041015625
05011,5978.43873605274
05013,1326.949666665948
05015,44526.499764944645
05017,353932.3291223404
05019,7395.246757382252
05021,455871.94089673914
05023,20694.837176067074
05025,6316.0832099047575
05027,6243.262636439005
05029,49854.764347956734
05031,423494.86734068627
05033,27124.97966733186
05035,491915.95561079547
05037,523407.91805555555
05039,1483.5765978892643
05041,403694.5699757543
05043,87834.37076241629
05045,29187.76819131541
05047,29519.06756175648
05049,42005.52407340116
05051,7470.158588236029
05053,7654.684928244733
05055,396215.84455128206
05057,25642.80130570023
05059,10850.701036536175
05061,33776.654760880905
05063,89466.1362890625
05065,30627.981144496374
05067,307166.7010569853
05069,269001.87347501866
05071,15428.648358271672
05073,55075.34270597759
05075,286599.944276148
05077,497445.8087993421
05079,273392.30412776297
05081,45498.8193716654
05083,29011.08251476288
05085,343371.81559244794
05087,30746.849062601726
05089,24617.622979911666
05091,61856.0376171875
05093,580315.0092516447
05095,347810.0713778409
05097,10291.776216643197
05099,11655.451688440835
05101,9051.98664261123
05103,1655.6313330925118
05105,31816.858574083115
05107,449268.1758522727
05109,16628.78778991699
05111,505969.2652777778
05113,22383.721683814878
05115,17112.014741412662
05117,358977.98473011365
05119,53347.94305241108
05121,155180.19984266494
05123,417660.2764423077
05125,10656.392433961233
05127,15457.08718477885
05129,28257.003815544977
05131,36435.10505192454
05133,24730.141546075993
05135,28230.597133091516
05137,19442.12213532821
05139,1366.8254683289347
05141,11725.650782993862
05143,53108.30867882931
05145,78941.81214488637
05147,345327.38364361704
05149,12425.75708694458
06001,28830.024978336725
06003,8891.510134367158
06005,17900.836203601946
06007,247417.48422606266
06009,8258.461342137654
06011,363003.52280227124
06013,82577.44797072455
06015,9461.269460310701
06017,8065.966963721403
06019,179768.123458202
06021,305038.3707863944
06023,5451.19437572723
06025,123107.32529152946
06027,4992.340874722145
06029,92397.68282320951
06031,437932.75281366025
06033,21207.431725102226
06035,35717.76387881382
06037,21264.322872424913
06039,170843.577515062
06041,25492.14277961694
06043,3951.6701992424164
06045,13761.393014527166
06047,251435.7267076734
06049,39484.02872404542
06051,13965.771684346893
06053,96238.81033140555
06055,85883.45783424377
06057,17047.686572049115
06059,24136.559857420634
06061,69413.10695782554
06063,14334.557395304322
06065,43864.130552292656
06067,264740.4601691751
06069,56512.0832454797
06071,3870.6008490856643
06073,22316.356973361206
06075,2006.72892014152
06077,286314.0503611845
06079,64934.04366640919
06081,12810.619703278211
06083,45261.695971088244
06085,49527.13734747678
06087,35783.89805708333
06089,20131.696852282043
06091,12021.231355246375
06093,34063.04193787858
06095,199250.1769035918
06097,88878.22584816758
06099,131585.19202749856
06101,665552.016456117
06103,33885.32935950472
06105,2913.7888070358554
06107,145208.27085085268
06109,2896.7824200865643
06111,65566.51483699358
06113,407029.9405134746
06115,226461.93502838668
08001,154645.74764195885
08003,67908.16716051969
08005,79105.24587550308
08007,7101.721741405287
08009,134887.953739554
08011,17802.12012263241
08013,15010.60310628397
08014,107505.548828125
08015,12477.888334826419
08017,142926.57835354275
08019,64.01007901468584
08021,22366.54799752948
08023,19844.753372389696
08025,11067.21943359375
08027,17148.876974105835
08029,47602.257950959385
08031,30564.076718648274
08033,9578.399365127087
08035,2221.658711554512
08037,6611.173325380941
08039,16184.398582816124
08041,3073.8929642585017
08043,4127.492764962458
08045,7188.991349447758
08047,181.8364504300631
08049,9195.539162842117
08051,6666.072003502271
08053,1429.9632306420244
08055,4357.639270866126
08057,18629.946695686405
08059,2804.0943774860734
08061,127205.36109222412
08063,281425.08489583334
08065,12115.131821731042
08067,9904.870472831386
08069,7835.877770549274
08071,2074.911404492665
08073,55176.5305380794
08075,150076.66423011193
08077,7667.401271021349
08079,620.1531579531156
08081,3345.376227511551
08083,12931.439752835893
08085,13498.930458766963
08087,139099.57946268716
08089,28423.760326104417
08091,12738.076517569052
08093,3899.9171769336126
08095,433702.5403645833
08097,9332.639127376364
08099,137477.87500417334
08101,3982.7603990227512
08103,5310.768380148515
08105,52022.353485041654
08107,6207.166570232077
08109,31680.644383490246
08111,215.82244048946262
08113,4084.297238057203
08115,328869.995703125
08117,3545.7940505271736
08119,1638.0628059788753
08121,186485.2978877315
08123,96999.14098379348
08125,264267.0436947293
09001,1151.6831406397619
09003,3895.2508393027565
09005,2747.995003440163
09007,2225.7777061462402
09009,1507.1592672729778
09011,2288.3819147595987
09013,6540.86567179362
09015,4080.560871548123
10001,156896.6217115517
10003,122612.29489474827
10005,138272.46318614038
11001,733.261351449149
12001,75833.0187953404
12003,9718.92716707502
12005,5053.93828688503
12007,51087.933468905365
12009,37287.76450208218
12011,5099.809466648102
12013,100836.3309956086
12015,72079.23620506223
12017,56076.39548858943
12019,15960.080191678779
12021,20047.10246443239
12023,66658.09660921963
12027,163613.58165922618
12029,24848.122884759803
12031,4320.595391626434
12033,47788.37557539788
12035,22307.35876379013
12037,187.3685765879386
12039,105287.30361135383
12041,187929.5190625
12043,159752.35424531228
12045,2882.612927939197
12047,74473.50121575432
12049,142852.50623139882
12051,313537.59913244913
12053,79866.00227443723
12055,196746.6257776331
12057,76628.89748435449
12059,52568.88081054688
12061,84378.08276943113
12063,144296.3305864726
12065,42787.895856051975
12067,53885.7422368471
12069,89956.20198978286
12071,28956.18726866481
12073,11977.148061367181
12075,94764.98827288322
12077,4265.873202001227
12079,99627.65218482827
12081,105098.31224263854
12083,91395.8199602656
12085,130985.8658006543
12086,6014.832162585178
12087,127.4825328433992
12089,7838.1086096670115
12091,20835.415455322982
12093,112983.68030028514
12095,58102.02695240694
12097,120730.34525068091
12099,466676.30227970687
12101,73352.49322159939
12103,3504.456156740083
12105,115858.5085631909
12107,28080.88713899206
12109,10017.982303443965
12111,120139.76567275607
12113,64689.14540253106
12115,43726.814906872176
12117,16832.55779296875
12119,124915.2838570731
12121,168149.8701923077
12123,9665.80118619757
12125,79912.00172424316
12127,13748.529096515724
12129,6136.810804464402
12131,28788.101378665775
12133,34904.33000780189
13001,104430.83713378906
13003,79868.94329568614
13005,72124.26978600543
13007,279115.60379464284
13009,6305.224868774414
13011,20514.450520833332
13013,37155.374822443184
13015,25384.298469543457
13017,118188.52235243056
13019,159229.72797309028
13021,12760.256188964844
13023,104418.96459960938
13025,5894.398483565359
13027,180468.89565805288
13029,5587.378360152245
13031,128525.46577962239
13033,96775.25511453919
13035,17157.606414794922
13037,216452.95345052084
13039,425.2831667107239
13043,95637.07236842105
13045,27499.955126953126
13047,26314.170372596152
13049,1166.2986895976867
13051,2009.263112146552
13053,3266.234085083008
13055,19469.68232421875
13057,9432.68422154018
13059,15262.4943359375
13061,104948.12573242188
13063,4181.340721978082
13065,1822.9708007995425
13067,1962.904505411784
13069,136729.0509672619
13071,212116.10831925675
13073,3141.3194155485735
13075,212470.48828125
13077,18688.55384482107
13079,15891.2134375
13081,254491.30546875
13083,17708.154522235578
13085,7255.450134277344
13087,230729.91575520832
13089,1656.9607168833415
13091,70988.52174831081
13093,266018.9622395833
13095,51085.754432091344
13097,8807.395010811942
13099,204182.763671875
13101,8589.689212441444
13103,14454.928079044117
13105,22088.15837492766
13107,53889.483159279334
13109,71749.93308803013
13111,2539.236322791488
13113,13423.661934988839
13115,21176.27239668997
13117,26293.603118896484
13119,34010.31044921875
13121,5836.512890464382
13123,3473.311197280884
13125,19580.15009765625
13127,913.0118811476991
13129,39990.73498535156
13131,121853.12371271307
13133,10744.630872453961
13135,6896.875291951497
13137,15891.030479029605
13139,16007.644682042739
13141,6159.410201217189
13143,10089.137828480114
13145,6690.766709495993
13147,36407.92827690972
13149,14985.056448800224
13151,19169.90031632133
13153,69414.52077720905
13155,232396.94444444444
13157,31722.909912109375
13159,12492.250368315597
13161,105477.1103515625
13163,98333.0087890625
13165,121526.22296875
13167,41124.19340587797
13169,3932.4323657000505
13171,34458.066228693184
13173,57097.34624176026
13175,34897.116290983606
13177,135119.0809375
13179,746.3923763752623
13181,7233.556667751736
13183,6331.3172642844065
13185,45174.95583147321
13187,5263.135990333557
13189,12338.298805236816
13191,301.0603084849316
13193,99524.81377963362
13195,36028.403631036934
13197,16660.434149380388
13199,17575.939527107006
13201,394565.25575657893
13205,297555.8456503378
13207,12454.43561717442
13209,46846.03493923611
13211,41663.61195591518
13213,19117.287364130436
13215,4845.437316894531
13217,18588.512749565973
13219,29106.35107421875
13221,15471.712748718262
13223,13120.726647010217
13225,97384.26491477272
13227,8602.402497791109
13229,84733.103069803
13231,33234.933134191175
13233,20323.223378057064
13235,152108.15372242648
13237,14505.07741873605
13239,7298.316622647372
13241,3671.0667857023386
13243,126787.97297014509
13245,12216.793906471947
13247,9198.431396484375
13249,20224.131747159092
13251,96952.10376474808
13253,372823.8786621094
13255,32267.118722098214
13257,12925.454176682691
13259,15434.608595929827
13261,147060.59274839744
13263,6420.005998738607
13265,8629.182194010416
13267,67765.36259191176
13269,21856.43378155048
13271,50231.006774902344
13273,167086.19495738635
13275,130936.56879882813
13277,221124.01069078947
13279,67363.30594308036
13281,5556.634748776753
13283,35877.616736778844
13285,17196.019561767578
13287,203085.90696022726
13289,12902.690861628605
13291,7535.321825780496
13293,11700.419234566067
13295,22766.51097728588
13297,22397.176885190216
13299,13812.744654372576
13301,20671.348761307567
13303,25390.351452885843
13305,27466.633887002634
13307,79690.4208984375
13309,38251.71428571428
13311,11484.381933516408
13313,20927.57100053267
13315,169460.68402777778
13317,13530.736195591518
13319,4332.5441923702465
13321,222658.58157703487
15001,13363.63067081405
15003,6811.729054573255
15005,21.939654032389324
15007,9991.522672125633
15009,71059.39441900949
16001,35220.400077423496
16003,17782.396234414013
16005,48167.163595150676
16007,21748.86187941143
16009,60049.221631473476
16011,172962.74691843198
16013,10410.134281498487
16015,3389.721151726535
16017,3561.379984956297
16019,86391.37546984569
16021,19094.4361204812
16023,17339.895028721498
16025,18186.966959887082
16027,225834.36142113095
16029,59521.306225887565
16031,112242.26405599166
16033,34828.44929167628
16035,6516.384790966317
16037,10516.088287385575
16039,20039.400288428562
16041,64644.56517198351
16043,77512.4280046068
16045,38669.0369554564
16047,59042.85873163397
16049,14551.488292543958
16051,237666.01241519
16053,191536.31418282646
16055,25433.40550495111
16057,186725.12212423765
16059,13257.409712208359
16061,223354.1318023345
16063,41352.46817406526
16065,309052.98227826285
16067,316132.12067105575
16069,202362.87746359408
16071,51704.46921897229
16073,9429.99894030317
16075,78230.20238780975
16077,120620.82233709171
16079,62.29508074478329
16081,108992.7990691132
16083,76457.2351256446
16085,11350.470489589417
16087,22559.744554519653
17001,383334.5131048387
17003,194588.3417080966
17005,466369.47
17007,474968.6736111111
17009,277333.34801136365
17011,634563.16796875
17013,166542.47805059524
17015,558720.3946572581
17017,429157.8873697917
17019,628891.1236607142
17021,633465.6225961539
17023,369518.0710227273
17025,355009.3580357143
17027,486039.98671875
17029,512240.99358974356
17031,11256.086946577607
17033,435930.8235887097
17035,425388.6225
17037,685026.6960227273
17039,759124.8529411765
17041,599170.7022058824
17043,17961.715747539813
17045,557402.8756510416
17047,365823.6328125
17049,384826.24724264705
17051,369992.0688100961
17053,648129.0765625
17055,209455.69168526787
17057,332179.7310096154
17059,470416.9129464286
17061,516285.249599359
17063,473019.8097098214
17065,332802.409765625
17067,378071.369612069
17069,77276.21875
17071,455598.5
17073,603781.8108552631
17075,614430.734375
17077,219605.2117084704
17079,415850.1229166667
17081,199091.16648065476
17083,360074.583125
17085,280753.55983231706
17087,81087.06924715909
17089,355653.71625434025
17091,460999.93055555556
17093,527311.21328125
17095,566133.2766203703
17097,36764.02027355825
17099,503023.2910391566
17101,449760.49074074073
17103,572446.1312677556
17105,680171.2125
17107,695505.9303977273
17109,430836.4293154762
17111,353413.69084821426
17113,638114.5474837662
17115,555630.6505984042
17117,406075.0682291667
17119,348845.5726102941
17121,259466.03453947368
17123,534138.9048295454
17125,469506.1310096154
17127,242433.00542534722
17129,509097.5475
17131,510074.17067307694
17133,315107.3776939655
17135,546314.199074074
17137,512393.12638888886
17139,571409.9744318182
17141,637426.4172453703
17143,363594.70439680235
17145,260480.91650390625
17147,779957.5817307692
17149,372622.75050403224
17151,33340.32753208705
17153,238036.56770833334
17155,454610.3255208333
17157,285124.8884943182
17159,516823.43303571426
17161,359933.2241071428
17163,303805.1454264323
17165,223735.58053385417
17167,505771.6920673077
17169,341418.428125
17171,448683.96180555556
17173,559599.5380681818
17175,717929.4867788461
17177,556938.0163690476
17179,502862.0211103723
17181,116899.5022898707
17183,593961.9292534722
17185,445782.49080882355
17187,658588.658203125
17189,532771.8099662162
17191,386200.63727678574
17193,518476.86856617645
17195,625564.1231971154
17197,291985.94332735654
17199,123311.47935655381
17201,321475.0819784628
17203,588756.6842105263
18001,509403.6171875
18003,348698.7394448138
18005,336289.8411458333
18007,716290.4625
18009,499742.55555555556
18011,576488.0375
18013,21799.956502278645
18015,528260.2824519231
18017,483858.298828125
18019,156104.49189814815
18021,342563.2922453704
18023,662075.114224138
18025,24966.59334663723
18027,376975.84418402775
18029,71329.99587180397
18031,527122.4325
18033,375230.14
18035,412734.62604166666
18037,252938.25816127233
18039,240440.10677083334
18041,341344.5255681818
18043,89703.46486957256
18045,438431.1430288461
18047,251261.02650669642
18049,475238.815
18051,456615.0625
18053,513720.68375
18055,187321.89326171874
18057,248377.07357421875
18059,485427.9347826087
18061,119234.9189453125
18063,431072.9386574074
18065,434806.28229166666
18067,518989.896875
18069,434065.16041666665
18071,234538.9126504434
18073,514326.3597383721
18075,537297.5697115385
18077,134882.84400475543
18079,206779.8533266129
18081,238905.87459309897
18083,472688.9142857143
18085,403445.7836538461
18087,233838.70364583333
18089,214378.76096504583
18091,361442.74384765624
18093,88511.4572360131
18095,460191.1724537037
18097,75775.97853088379
18099,376920.65208333335
18101,88320.95861816406
18103,438593.08449074073
18105,45737.01081795528
18107,444651.86532738095
18109,216817.3978587963
18111,537161.36125
18113,317781.66852678574
18115,71185.45963541667
18117,181658.35412176725
18119,90623.03703962054
18121,281620.12109375
18123,65162.224703881046
18125,283949.21259416855
18127,230170.70470757963
18129,443382.97580645164
18131,505795.78854166664
18133,344816.23540039064
18135,450126.615625
18137,221903.2050189394
18139,553511.9241071428
18141,350944.07516891893
18143,132953.37890625
18145,533343.9491071429
18147,293226.48361895164
18149,332409.03875
18151,267629.60625
18153,366727.4342672414
18155,67444.36443014706
18157,457780.9181547619
18159,614892.053125
18161,459966.01785714284
18163,325250.0963541667
18165,351315.25390625
18167,301480.689140625
18169,491367.89397321426
18171,511457.31875
18173,233364.11061197918
18175,165992.38039981617
18177,385378.47222222225
18179,587609.3425925926
18181,610907.9495192308
18183,394551.4830729167
19001,504465.6599702381
19003,419283.7625
19005,266749.38142903644
19007,171653.66453887196
19009,669922.2159090909
19011,507813.361328125
19013,542844.5892857143
19015,456453.25446428574
19017,586553.2885416667
19019,565998.1904761905
19021,643140.3176020408
19023,699259.2423469388
19025,663716.0260416666
19027,627705.4151785715
19029,524971.7269345238
19031,666208.056547619
19033,564406.3489583334
19035,740080.0818452381
19037,527951.1744791666
19039,211836.1109375
19041,600536.1320153062
19043,396168.94001116074
19045,587322.928125
19047,532668.5331632653
19049,548530.7485119047
19051,170805.37391493056
19053,176863.94259982638
19055,611036.0178571428
19057,351550.96533203125
19059,482220.1026785714
19061,367383.9518229167
19063,577156.02734375
19065,513630.5865885417
19067,607151.9925595238
19069,645848.46875
19071,469288.6021959459
19073,509735.1941964286
19075,704804.78125
19077,445933.68601190473
19079,663021.4444444445
19081,636355.1741071428
19083,572426.3229166666
19085,569786.73875
19087,310070.89229910716
19089,613829.83125
19091,740621.6520833333
19093,727803.2994791666
19095,447290.9813988095
19097,268763.7705269608
19099,536863.4213169643
19101,329226.6192708333
19103,376276.82083333336
19105,462073.69444444444
19107,394825.21800595237
19109,777265.6448863636
19111,245120.3236607143
19113,365419.84456380206
19115,403205.7333984375
19117,183678.11979166666
19119,613183.8854518582
19121,314074.8511904762
19123,494604.36734693876
19125,295887.74144345237
19127,484074.2113095238
19129,547792.6336206896
19131,745952.9357142857
19133,456392.6653409091
19135,191057.38950892858
19137,475844.6666666667
19139,492465.97564338235
19141,798629.4404761905
19143,749369.5729166666
19145,418927.60590277775
19147,627368.2477678572
19149,601878.79931640625
19151,664248.3779761905
19153,334204.26227678574
19155,578930.7336956522
19157,633152.5260416666
19159,214504.28831845237
19161,637171.9375
19163,482522.7296875
19165,654941.0944940476
19167,687641.3162715518
19169,529387.0189732143
19171,516763.0846354167
19173,354931.6858108108
19175,298896.01614583336
19177,200957.17849392362
19179,272868.502734375
19181,300456.03199404763
19183,502120.4862804878
19185,208526.50422297296
19187,614996.1320754717
19189,585906.66015625
19191,404651.8141276042
19193,533075.9822198276
19195,551118.7513020834
19197,636342.21875
20001,230086.6390625
20003,159971.37952302632
20005,315886.60700757575
20007,69839.34979742927
20009,288019.3278521369
20011,84052.4127869898
20013,568831.1324404762
20015,94331.61548868816
20017,33050.78573811849
20019,19096.528279622395
20021,242338.62220982142
20023,239601.87771267362
20025,50787.578305331146
20027,365428.5546875
20029,330001.54846938775
20031,139419.14770507812
20033,45943.28548758371
20035,103841.10704956055
20037,159059.8068033854
20039,240863.66964285713
20041,266980.1929804105
20043,528404.9095982143
20045,149827.97301136365
20047,418437.47798295453
20049,28278.67091369629
20051,115686.90404885913
20053,132774.4052734375
20055,347632.82207414217
20057,260718.80955882353
20059,191457.42643229166
20061,80546.58984375
20063,176882.06949266975
20065,165163.8359375
20067,280881.61517857143
20069,425600.38125
20071,231949.4111689815
20073,23472.43510945638
20075,116376.64161424513
20077,166387.3055840164
20079,463542.55803571426
20081,525999.2529761905
20083,140254.66573660713
20085,158210.7763671875
20087,223214.86796875
20089,314427.71039496525
20091,53761.23563878676
20093,220799.7812677557
20095,171705.89180307538
20097,159711.14666374362
20099,185108.17578125
20101,172343.23488136573
20103,126074.65464154411
20105,151193.7947624362
20107,97121.44786005435
20109,138964.9198374807
20111,88416.66350911459
20113,319934.54935515876
20115,243753.28396267362
20117,343006.1109871032
20119,233004.79982972756
20121,121576.46516927083
20123,345960.1956313776
20125,117722.08642578125
20127,102064.3662484976
20129,132477.04388427734
20131,321764.50289351854
20133,155226.57053571427
20135,124935.80799696181
20137,224908.55403645834
20139,140358.7115162037
20141,199223.77459716797
20143,185761.57836415817
20145,320976.8017578125
20147,199422.64136904763
20149,88418.00052138507
20151,373116.61481584824
20153,245630.5882523148
20155,210903.08038194446
20157,439151.58832908166
20159,324592.21851084183
20161,104952.72518849927
20163,172274.1513671875
20165,179293.15349264705
20167,112126.98399522569
20169,206963.60837850766
20171,317936.49377893517
20173,263766.2722167969
20175,305737.6806640625
20177,144664.45445884147
20179,306185.9465332031
20181,353984.3457573785
20183,295395.375
20185,372676.26384320174
20187,304862.868622449
20189,350544.7628348214
20191,268759.399609375
20193,392846.0822753906
20195,126111.28831845238
20197,65051.08200461648
20199,164556.25668480282
20201,363407.23871527775
20203,343160.52054398146
20205,158923.63876488095
20207,105221.77072482639
20209,60984.700150923294
21001,52170.1967268319
21003,72643.77873883929
21005,24476.617252604166
21007,292249.51953125
21009,108391.3450892857
21011,43225.78036842346
21013,3491.910265990666
21015,29636.54067095588
21017,74584.9517578125
21019,5644.058873494466
21021,54596.372859074516
21023,23811.414485677084
21025,1935.9645983832222
21027,87763.48595610118
21029,29158.629815964472
21031,82609.40784801137
21033,237215.7996826172
21035,188677.23931674298
21037,15575.763916015625
21039,289248.77566964284
21041,27046.254296875
21043,7599.384533297631
21045,45587.34200032552
21047,309466.603359375
21049,60972.23982319079
21051,4042.1960961818695
21053,44134.32962239583
21055,95662.54801432292
21057,17006.921655273436
21059,324115.3887867647
21061,49456.958939985794
21063,4082.743392944336
21065,12701.300232382382
21067,57014.6583984375
21069,48577.28412334736
21071,868.7060735566275
21073,27549.252994791666
21075,358575.3645833333
21077,41028.841796875
21079,46925.94580078125
21081,17944.1875
21083,281973.01013513515
21085,75204.88939732143
21087,71597.3287109375
21089,5971.07632001241
21091,101590.65549879808
21093,112369.59774502841
21095,1173.7049780469952
21097,52337.97817595109
21099,47479.89349168347
21101,392409.4580078125
21103,62183.50240285773
21105,451465.78720238095
21107,126859.08831935975
21109,15403.49959564209
21111,12431.434138857085
21113,46527.324544270836
21115,721.8720401582264
21117,15229.107954545454
21119,2725.240842183431
21121,9646.447699766893
21123,171473.5412109375
21125,33658.969549699264
21127,1129.6505953881049
21129,3604.5895874023436
21131,500.544620363943
21133,1112.1100793168657
21135,17370.223774677997
21137,70457.48623511905
21139,88077.658203125
21141,319227.1361328125
21143,72752.94855414497
21145,138195.9703125
21147,3343.666705391624
21149,398763.9861111111
21151,35467.22720614346
21153,2112.8830433721128
21155,92410.7653125
21157,93628.22260393415
21159,2763.6081739153183
21161,80563.46202256944
21163,131794.95649857956
21165,10070.377412923177
21167,56016.84046052631
21169,39704.37523251488
21171,50103.37038352273
21173,42366.88539341518
21175,8211.194247654506
21177,79105.53642003676
21179,97779.5755859375
21181,48256.30546875
21183,133443.13067768895
21185,58409.88720703125
21187,18297.336318359376
21189,7060.33753321721
21191,24127.833056640626
21193,2489.642769317627
21195,1078.4925505023891
21197,20558.672983022836
21199,54133.42343811035
21201,24878.94210379464
21203,19529.894193566364
21205,11063.85206298828
21207,62160.79981050037
21209,42526.86012961648
21211,142966.6390904018
21213,406627.6773897059
21215,82204.46791294643
21217,104190.15712890626
21219,338497.0084635417
21221,120874.15733506944
21223,70924.56770833333
21225,474338.22569444444
21227,166589.28360376603
21229,61592.648479959236
21231,36891.342754364014
21233,258655.4175
21235,13789.4351272583
21237,7141.694806267234
21239,61400.5078125
22001,226923.04313858695
22003,40258.97479602269
22005,136275.28590429397
22007,219726.327398777
22009,204126.11665689945
22011,12955.036337342373
22013,5471.084935526694
22015,22219.258161325924
22017,56584.35924381996
22019,63525.295927151004
22021,37255.19291804387
22023,13142.452886808755
22025,218772.68600613464
22027,9834.391273956298
22029,208248.92434632545
22031,19836.082552671432
22033,57515.18833295037
22035,427567.9049030172
22037,32481.403923483456
22039,170411.79642578124
22041,294821.0625
22043,24089.670675939444
22045,114892.49981730909
22047,145195.5301130428
22049,4116.578763030296
22051,1585.16975641691
22053,186265.6131218112
22055,170095.03493923612
22057,53655.547709781014
22059,7520.215727981256
22061,15077.87215909091
22063,12357.299448439795
22065,323991.24954288563
22067,306500.0687322443
22069,43067.49562003396
22071,948.5611287575549
22073,57712.74636967977
22075,1566.274349493965
22077,281254.36067519075
22079,83494.05243219114
22081,37210.25449916295
22083,248603.2530487805
22085,7629.733215294548
22087,284.18194061140224
22089,13025.57329121415
22091,23923.38409423828
22093,174276.73253038194
22095,21076.956901719906
22097,199536.21078392767
22099,98169.33816275354
22101,106279.1062671769
22103,8710.93185618276
22105,31394.526880328485
22107,274490.65171875
22109,11032.68271697277
22111,9337.466015507625
22113,75175.51926355505
22115,5397.285873088431
22117,33069.16070432079
22119,12404.43479883948
22121,258248.49759615384
22123,329776.65848214284
22125,51582.550401475695
22127,4228.929481250137
23001,8548.048970540365
23003,6187.19467217084
23005,3496.5186289651074
23007,800.2537111390021
23009,809.9224400052979
23011,6791.487270631652
23013,1591.7283794527912
23015,1963.881383223662
23017,1269.1965917080056
23019,2644.723004031162
23021,515.1327322270304
23023,2597.7523218517954
23025,1446.2608475482011
23027,3789.8110202077264
23029,1844.9434142357134
23031,3594.791449958054
24001,5444.776632803458
24003,15045.865531943606
24005,48051.29855974677
24009,17002.23298234677
24011,283700.284375
24013,142235.2390372984
24015,84399.88067518505
24017,16994.82225696222
24019,83118.77790958514
24021,106472.49939236112
24023,18822.2442779541
24025,58507.58317826549
24027,55307.38091681985
24029,218844.77289967804
24031,57416.55345689928
24033,15120.012977055141
24035,228978.74550490789
24037,32555.398845107968
24039,53225.42745020586
24041,134467.3205766666
24043,60800.29235839844
24045,101939.44285534274
24047,89206.80569214487
24510,1903.4634399414062
25001,540.6278594076784
25003,6587.811217831893
25005,3156.805817567004
25007,2006.6100272023002
25009,2154.2403365005944
25011,6424.5410588916975
25013,5430.086280660426
25015,8583.298221788908
25017,1203.7340272571387
25019,1932.9117435459425
25021,646.8791210649863
25023,4254.047836834705
25025,208.20768488500033
25027,3920.398173245517
26001,4387.1856058829435
26003,346.44448722572287
26005,88596.34929072866
26007,9581.161368239715
26009,14736.35457541726
26011,63467.3322954694
26013,771.1654868923281
26015,140880.07568359375
26017,182405.22082138096
26019,3118.1338960519433
26021,68579.27101924912
26023,285096.10069444444
26025,240093.4019252232
26027,250283.12456597222
26029,3961.633778151044
26031,7758.118142946645
26033,4799.589933900539
26035,32238.713252476282
26037,299944.87258184527
26039,2283.3783724705377
26041,2745.751831428859
26043,3439.2888953512365
26045,277521.3229166667
26047,6377.167847541541
26049,118188.73155381944
26051,47702.446739783656
26053,590.0557012256644
26055,18915.30406777333
26057,304288.22209821426
26059,234446.6134672619
26061,2329.904608770771
26063,116998.47436167627
26065,264241.0295472756
26067,286983.4248511905
26069,4837.90895794085
26071,1466.7930623828731
26073,221238.2432996962
26075,164533.82433832908
26077,213115.68684895834
26079,9302.751008533296
26081,99938.49904785157
26083,11.306064359448818
26085,7574.516153176625
26087,154562.6973110465
26089,2122.5631946765925
26091,350984.59033203125
26093,102506.52915736607
26095,948.3158402577816
26097,1700.9172815608592
26099,83498.47426615954
26101,4134.918363768707
26103,367.07954739363413
26105,20187.669518212482
26107,73177.02473958333
26109,6638.858767564507
26111,132785.1931966146
26113,26770.5003904017
26115,249496.0218690208
26117,152700.43337673612
26119,12565.004783979277
26121,14640.683722918093
26123,52764.64565669469
26125,14030.1424404089
26127,22775.839377719585
26129,31239.479352678572
26131,1094.4570870812183
26133,26458.803733648256
26135,3512.3714208797533
26137,11384.953502110073
26139,54954.170174846615
26141,5728.964784183018
26143,2585.5716312461427
26145,278883.3109879032
26147,137391.31405700644
26149,335997.5299479167
26151,204502.77481180773
26153,1408.2775222077355
26155,257227.05685763888
26157,256114.67976273797
26159,81554.24218980956
26161,140518.64488002233
26163,16116.703677922642
26165,14204.317184860642
27001,14496.361293791368
27003,60135.0845561308
27005,143222.17121637784
27007,11965.466373991263
27009,290391.5323153409
27011,557842.0008928571
27013,785417.0579545455
27015,761836.4708806818
27017,6968.541812569754
27019,432396.80231584824
27021,12961.154894683523
27023,736578.6597222222
27025,195463.34973958333
27027,450579.5114329268
27029,28865.103555043537
27031,21.56390849448043
27033,771195.13625
27035,33607.376766967776
27037,462401.1476199128
27039,789321.3232142857
27041,328773.64720394736
27043,974910.1830357143
27045,647510.8521825396
27047,855480.5859375
27049,565835.5258522728
27051,574018.2524038461
27053,98487.81973285675
27055,251265.28831449468
27057,29765.4237012987
27059,172728.07536764705
27061,2345.096969850962
27063,867149.381377551
27065,85178.08393554688
27067,566364.8706597222
27069,281306.8595703125
27071,2456.915598555961
27073,703487.9983836206
27075,89.0732776230136
27077,13776.506840086106
27079,549634.6985294118
27081,504871.911328125
27083,634127.7332589285
27085,675328.0548986486
27087,257850.79787399655
27089,261718.0584854618
27091,970633.0915178572
27093,580271.7663352273
27095,89268.10909970038
27097,156889.09700520834
27099,797962.5915178572
27101,840129.1607142857
27103,809028.2090517242
27105,841780.2667410715
27107,545763.5588541667
27109,598155.7914540817
27111,214314.94826108872
27113,326422.22421875
27115,34800.77529961172
27117,745010.2678571428
27119,427471.3229651485
27121,484624.5375
27123,14965.52083176833
27125,302299.68986742425
27127,780084.4868421053
27129,757436.5458603896
27131,460394.2433712121
27133,960759.7648809524
27135,147664.0885970319
27137,1203.3557547919909
27139,436898.7277199074
27141,173403.1201171875
27143,636103.4036458334
27145,361409.63813920453
27147,832313.0008928571
27149,675105.0612244898
27151,728703.4438657408
27153,184688.19783407182
27155,656214.0370639535
27157,375028.3153044872
27159,102702.59430803571
27161,890818.2611607143
27163,139686.8111049107
27165,914333.1928571429
27167,480068.7505681818
27169,302370.05473292153
27171,352876.77105034725
27173,753941.9386363636
28001,44675.39923773872
28003,57488.179478236605
28005,14874.177246648615
28007,17190.779755965523
28009,42025.99643049569
28011,466527.8979779412
28013,87248.59785657052
28015,59264.71068274457
28017,92468.00163810483
28019,6686.251182338169
28021,20345.379676231973
28023,9467.71073282682
28025,59038.30276489258
28027,436043.20464939025
28029,16877.312536851416
28031,29945.080393145163
28033,144518.43467881944
28035,16724.92253766741
28037,5625.94836755701
28039,27614.68331370634
28041,4573.001821023447
28043,43768.720424107145
28045,20460.08661887759
28047,10756.647892337802
28049,44740.227989783656
28051,127137.5964704241
28053,357897.640625
28055,238932.11669921875
28057,31532.3787109375
28059,3532.507138675018
28061,16569.44705136617
28063,19574.72768460787
28065,17145.66540979456
28067,28816.900738751447
28069,7373.242496066623
28071,22936.474395751953
28073,28437.903468276516
28075,6988.246810913086
28077,13868.080859375
28079,12571.164221191406
28081,112524.94133649554
28083,450001.0236037234
28085,25511.998099662163
28087,71359.11667351973
28089,55205.6812467755
28091,19894.74209046975
28093,52763.39205729167
28095,75644.34529194079
28097,44036.00891927083
28099,18039.636192908652
28101,15410.670654296875
28103,104990.61334228516
28105,31996.423889160156
28107,129436.10132740161
28109,22943.28843352754
28111,7549.768389615146
28113,26304.021392822266
28115,77999.29171316964
28117,63394.86802455357
28119,405426.6064453125
28121,22295.494852701824
28123,22451.761746493252
28125,349980.39088541665
28127,17026.52157870206
28129,25397.423033248546
28131,16459.83216513357
28133,456293.17083333334
28135,364389.3386627907
28137,118168.00571986607
28139,41052.537760416664
28141,15470.902895035282
28143,440538.26921452704
28145,73851.0327758789
28147,41653.438151041664
28149,51758.43692491319
28151,481583.84917902545
28153,11104.35403137207
28155,35285.95332704741
28157,13228.757685785708
28159,13007.48292468843
28161,41370.61301731419
28163,164807.82751834753
29001,110302.14312065972
29003,289689.9329769737
29005,493082.80823863635
29007,382373.905625
29009,42802.61741157814
29011,238340.56119791666
29013,233271.40768229167
29015,71472.74039261429
29017,67836.97892252605
29019,117807.75015024039
29021,240554.19719827586
29023,346101.637578125
29025,206228.74853515625
29027,122314.6301033266
29029,10762.086954656637
29031,202647.1997767857
29033,343926.7269021739
29035,3243.556771730122
29037,170658.3306760204
29039,47332.72375488281
29041,283293.78700657893
29043,34484.15413818359
29045,252916.46231617648
29047,154958.93489583334
29049,247619.996875
29051,60944.38166756465
29053,209180.39516715117
29055,7931.435823084945
29057,97078.73236762153
29059,40608.99501731179
29061,203418.64127604166
29063,240077.6125
29065,10493.294703384925
29067,31756.792740885416
29069,615408.8385416666
29071,66310.19484576058
29073,36294.765364583334
29075,201402.459375
29077,46450.57253815407
29079,271706.098046875
29081,181703.6717998798
29083,111587.24900350765
29085,30199.025390625
29087,420468.8352272727
29089,205558.72206439395
29091,33811.93492542614
29093,4268.780455300975
29095,94435.64248657227
29097,167796.2739955357
29099,15878.064759497549
29101,173658.4012661638
29103,217372.91183035713
29105,29030.1815625
29107,375228.08254076086
29109,99904.47802734375
29111,230868.2840909091
29113,175179.8556547619
29115,183669.89269770408
29117,235831.56302787163
29119,43544.153125
29121,178026.69483278508
29123,6189.9420235770085
29125,23975.85677939967
29127,293562.7419354839
29129,123324.78102678571
29131,24191.45197753906
29133,585192.4791666666
29135,112663.74075520833
29137,240922.28241356384
29139,205472.439453125
29141,44930.36836598714
29143,669013.275
29145,66929.3690962358
29147,362123.9290674603
29149,32621.647381373816
29151,52100.71576286765
29153,28698.67954664964
29155,494698.396484375
29157,176401.4888392857
29159,257553.6884014423
29161,10303.818901248094
29163,244172.0021875
29165,252177.50850183822
29167,46674.32197980183
29169,9162.22320130814
29171,118269.32144325657
29173,279982.0453125
29175,176971.6856060606
29177,224454.41369047618
29179,2545.225539625737
29181,33549.2583694458
29183,162551.39833984376
29185,70633.40587182138
29186,82963.19088497678
29187,21265.552348475303
29189,24057.617635091145
29195,413953.8701508621
29197,140859.150390625
29199,236370.64225260416
29201,469331.1391129032
29203,10564.37209856188
29205,290645.2081925676
29207,553456.9890894396
29209,22383.624817607477
29211,109084.41780931123
29213,9173.523302973534
29215,24290.657472309314
29217,171293.81753177967
29219,121523.23593139648
29221,4455.498638289316
29223,7285.29830078125
29225,36733.72604166667
29227,179371.91636029413
29229,52219.46733940972
29510,27514.61072953542
30001,10825.538589400541
30003,28162.810539935268
30005,37645.671727053326
30007,47260.979143497556
30009,16161.839474905255
30011,6621.681621883915
30013,56826.981265540075
30015,106205.09445689879
30017,7755.592307415487
30019,98019.57233796296
30021,53932.5455552045
30023,22298.491053955968
30025,13327.689284996908
30027,34378.52890450954
30029,6133.023817161478
30031,36392.640100436496
30033,12727.305412124928
30035,51761.2203885883
30037,22229.438858032227
30039,5303.440372981537
30041,135826.46183914258
30043,5082.02233442713
30045,39343.2354574698
30047,21745.60653483523
30049,8245.607380774743
30051,154767.16809328637
30053,2524.7100910792738
30055,50304.680046480986
30057,11453.766937817725
30059,8148.592224828313
30061,2526.8976569207275
30063,2082.188327643442
30065,9957.731604569046
30067,8415.957206069275
30069,11525.391272503397
30071,21053.267747389502
30073,142761.93317973008
30075,3813.1145629882812
30077,25226.892349556456
30079,7550.980622945738
30081,4910.832728366008
30083,70711.35712635668
30085,75449.97459117818
30087,9695.842140989276
30089,1581.1688138434276
30091,56742.88192841501
30093,17335.293473207035
30095,18997.514728397502
30097,5180.938289642873
30099,86432.48639563727
30101,97328.69461017185
30103,17477.52298365141
30105,35577.29962041269
30107,22995.317900880855
30109,30496.469072153872
30111,40159.07197570801
31001,694719.8607142858
31003,528137.71171875
31005,14781.656134157765
31007,79879.89058883103
31009,17941.378513063704
31011,504932.27542892157
31013,197201.95247395834
31015,129021.82121394231
31017,66239.38647218184
31019,453000.2640224359
31021,585652.5946180555
31023,711527.5238095238
31025,474740.52195945947
31027,509215.8322523585
31029,294157.5890376984
31031,6139.4715384834235
31033,147864.5777126736
31035,762300.697172619
31037,637039.171875
31039,754755.2135416666
31041,184437.0103834781
31043,454994.8888888889
31045,26205.29572319262
31047,353353.8153529576
31049,220645.91064453125
31051,490818.62408088235
31053,614583.0638586957
31055,201138.4851888021
31057,197959.83277529763
31059,745187.5327380953
31061,445114.2265625
31063,230065.279296875
31065,368791.5027901786
31067,494996.8818359375
31069,59386.86608226263
31071,54942.96202160063
31073,425310.9921875
31075,6767.221484184265
31077,281588.8643092105
31079,484269.71875
31081,795480.765625
31083,424874.43191964284
31085,193444.52706473213
31087,211190.12960379463
31089,175264.75098778735
31091,4999.504328308106
31093,337108.90476190473
31095,496754.39248511905
31097,292984.47234375
31099,774459.7154605263
31101,153127.1252972603
31103,34869.52423199153
31105,94696.49905395508
31107,231849.71477229422
31109,347417.8635332661
31111,155387.2888857783
31113,82308.87101448906
31115,31602.98302299098
31117,21084.170255533852
31119,564285.2395833334
31121,597511.5234375
31123,92104.67782470703
31125,421426.427734375
31127,458254.9306640625
31129,473914.5074404762
31131,447950.6825980392
31133,213564.72350260417
31135,322838.05690104165
31137,704849.3090277778
31139,539190.5119047619
31141,655466.7727272727
31143,728622.0895833333
31145,272508.08290816325
31147,452709
31149,64661.749890518186
31151,607571.1101190476
31153,318130.06863839284
31155,614636.1965042372
31157,183824.18270931602
31159,559296.0788690476
31161,40348.457977166334
31163,300164.7784598214
31165,11000.948686640313
31167,506425.2
31169,577298.7611607143
31171,5314.328403862155
31173,560345.0797413794
31175,272455.77647569444
31177,572592.2357954546
31179,673790.5658783783
31181,352220.9357142857
31183,156870.505859375
31185,672514.4375
32001,1868.239209274463
32003,309.7662914091994
32005,17076.00714139298
32007,3243.429878024569
32009,2078.0021383045696
32011,2942.392735114068
32013,2634.9194466737645
32015,1667.9211343388758
32017,686.2346868503801
32019,7280.76346376964
32021,750.059472440138
32023,437.00330467986987
32027,1306.2090038558722
32029,2685.973400115967
32031,1598.1360159828198
32033,1150.9282416702665
32510,5050.105591209923
33001,1041.966835784912
33003,823.329568621905
33005,862.0142027047964
33007,1157.8490849018183
33009,753.5432119887972
33011,1132.7383257958197
33013,1520.3786738804408
33015,1789.3725651767234
33017,3625.334771118164
33019,696.509153040444
34001,11153.71807072999
34003,1243.3685697667738
34005,33756.07280778481
34007,14188.669021606445
34009,3855.4369408773127
34011,34328.62483527444
34013,2345.1549682617188
34015,51828.28541917067
34017,2699.5253143310547
34019,46296.53079427083
34021,39720.33396911621
34023,17563.707997639973
34025,17734.657276510166
34027,5874.371031790069
34029,3201.5940900566793
34031,1879.6024319966634
34033,118112.00414040683
34035,21565.436799136074
34037,18857.370974809695
34039,2159.294772677951
34041,70456.58666015624
35001,5673.49716962102
35003,467.5270904165619
35005,12824.37743529758
35006,1811.2687163451683
35007,8902.75843861103
35009,108398.63158710186
35011,2932.5188165881677
35013,19082.10367722216
35015,10478.516811412703
35017,1072.4234948827955
35019,1512.8005168730751
35021,1593.0267215245206
35023,7259.625503516966
35025,24715.86988064159
35027,2930.558563415785
35028,358.2645085652669
35029,6996.6572516193755
35031,984.3608177843653
35033,6050.927278192531
35035,831.4971160818689
35037,18302.501150122185
35039,4300.056187899354
35041,33331.780601330014
35043,2324.6456008940336
35045,11536.69055013724
35047,3169.385107147757
35049,11727.850892419141
35051,1994.0476880978113
35053,2131.139889946695
35055,7505.95074100755
35057,5910.599333782586
35059,13630.616088284387
35061,12242.083354754326
36001,13906.62725360577
36003,26883.472828180016
36005,41.1375036239624
36007,22193.788797129757
36009,25315.539890081986
36011,98820.80750296675
36013,23318.79176997603
36015,24524.853338833513
36017,22133.393817047574
36019,22609.153360860993
36021,30855.842019399006
36023,40685.99226888021
36025,10865.02834367752
36027,17105.899229956456
36029,34028.169517430615
36031,3391.342651789292
36033,7669.968712934927
36035,7954.978068643146
36037,120439.33846507352
36039,5498.556239148404
36041,30.620890950201122
36043,16569.99997347877
36045,27203.970167950265
36047,2083.764665876116
36049,17184.999078168366
36051,140698.29296875
36053,58368.804521276594
36055,37845.40699809946
36057,66700.14036458333
36059,5976.3888036232
36061,459.83666174218524
36063,48414.78962808952
36065,40532.76400641109
36067,69792.03377278645
36069,130070.82375538106
36071,19825.402145195007
36073,85479.49058944578
36075,14498.54478939802
36077,28771.33196700247
36079,1379.8827379014756
36081,1563.1504627420754
36083,23559.7558910052
36085,1054.9270066942886
36087,2119.0323567708333
36089,14472.597826916615
36091,11840.5073021279
36093,17042.058303833008
36095,21565.40232594808
36097,37477.40401204427
36099,163570.09249441963
36101,42738.01816605549
36103,4192.778025845014
36105,4536.682266732921
36107,32794.98191964286
36109,60231.44682617187
36111,8478.188579672858
36113,1308.8878850539704
36115,25627.77801126396
36117,43290.47507906479
36119,2065.9082874971277
36121,71728.54351128472
36123,73937.39881963315
37001,25381.610979352678
37003,27152.553624770222
37005,26858.15935202206
37007,46929.942932128906
37009,10484.975788789638
37011,3285.121517783717
37013,135199.03579928144
37015,114420.50862068965
37017,57984.032898949794
37019,7838.237928148112
37021,9172.87618146624
37023,8162.157354736328
37025,51687.01651664402
37027,7899.456012501436
37029,155369.88627869432
37031,23365.22086736664
37033,16489.466357421876
37035,45302.95767704133
37037,12744.768186681411
37039,3957.3793853759767
37041,188836.72012867648
37043,7146.048362731934
37045,53968.53833705357
37047,83857.05873774139
37049,53890.45935817553
37051,58387.44099270568
37053,64709.83942541598
37055,740.3719100219809
37057,33849.41831054688
37059,68697.552265625
37061,147334.72494393063
37063,8008.704962158203
37065,170148.44010416666
37067,19718.47296368634
37069,39270.8637120864
37071,16645.155740489132
37073,121788.34265625
37075,1494.0362287521361
37077,16114.240460651677
37079,188715.921875
37081,25756.51327826052
37083,136238.56782414363
37085,75688.95372924805
37087,11038.163062286378
37089,21300.575771077474
37091,111116.50390625
37093,86237.271240234375
37095,59445.00960792502
37097,55402.697371773094
37099,1971.391341938692
37101,114780.14931640626
37103,93067.9880065918
37105,24119.849658203126
37107,185302.1295797414
37109,39758.10349237351
37111,5080.893528111776
37113,3938.259593863236
37115,5944.315176010132
37117,160267.79775705645
37119,8460.221796547494
37121,3236.756275850184
37123,12913.779344346789
37125,11668.648270587531
37127,99915.323486328125
37129,3543.408972195639
37131,150511.45639780405
37133,38609.360278179985
37135,17323.67881011963
37137,56427.75611501851
37139,230473.34961927854
37141,21325.581374581892
37143,224191.5698764875
37145,50898.205078125
37147,143969.51796875
37149,11900.214348687066
37151,26275.312239583334
37153,16373.398244222006
37155,166651.05961277173
37157,18325.80925641741
37159,67111.4487964527
37161,12784.574623509458
37163,162046.4008091518
37165,76768.62363978794
37167,135170.29128502155
37169,12792.331103515626
37171,40474.95169870477
37173,552.2775505332288
37175,3940.875144958496
37177,104937.53546081285
37179,155466.7816796875
37181,22122.073819247158
37183,28296.08103106099
37185,17064.41382623488
37187,169071.7225513253
37189,7673.450717017764
37191,183027.055859375
37193,13658.01241777528
37195,175034.54266826922
37197,96952.271484375
37199,2985.5296031951902
38001,72193.93377130682
38003,257632.96271306818
38005,156402.0268774414
38007,8448.253837984716
38009,158047.07744140626
38011,43066.69552690555
38013,106750.21219988567
38015,51540.96702563669
38017,377094.7209907946
38019,284310.287109375
38021,223092.74048477566
38023,65126.89529526654
38025,52096.66030263585
38027,150381.54071514422
38029,113613.63141276041
38031,243551.7421875
38033,31179.972638298485
38035,230262.90671875
38037,63053.88588908567
38039,208226.4125
38041,147635.07110363923
38043,68414.40259232954
38045,255051.82849702382
38047,81839.43840258049
38049,85885.9873459507
38051,111103.40353732639
38053,32585.22635061971
38055,126695.10771974118
38057,73615.70718149039
38059,66248.35529364223
38061,83272.56365701427
38063,173481.65342881944
38065,92493.72868546196
38067,259141.251953125
38069,144412.454913737
38071,171175.60795641446
38073,174040.57552083334
38075,197773.25572916667
38077,328292.1267719072
38079,156858.1587692482
38081,269154.3776041667
38083,124394.62126358696
38085,17338.467408771758
38087,38845.984049196595
38089,107248.2441359747
38091,284966.17534722225
38093,168041.0846200074
38095,223762.15168425324
38097,354933.3610839844
38099,180938.89911684784
38101,136630.16971072636
38103,206737.93663194444
38105,62368.29365790645
39001,78390.2386203342
39003,446534.56975446426
39005,236880.8039314516
39007,41962.58555764071
39009,14115.016575668797
39011,508918.1206896552
39013,16542.406544755144
39015,221487.37482766545
39017,154446.74319196428
39019,55906.86408943965
39021,418201.65208333335
39023,397486.8653017241
39025,112849.6113429214
39027,408984.14791666664
39029,104376.65244391025
39031,98236.937890625
39033,544438.0135416667
39035,2563.5566997936676
39037,460095.6777777778
39039,366096.15401785716
39041,326380.26067708334
39043,79926.17234388967
39045,332993.27854567306
39047,577807.8705357143
39049,123921.01515160537
39051,408940.86495535716
39053,21980.73610987808
39055,21288.240215594953
39057,418324.37626008067
39059,26441.651115648674
39061,24479.510164388023
39063,432470.94618055556
39065,418323.876953125
39067,23813.58136541193
39069,483914.76266891893
39071,287546.5269042969
39073,15341.89888789736
39075,136896.32958984375
39077,408063.68711890245
39079,28983.198068926413
39081,18651.33092543658
39083,204914.97798775337
39085,4192.479023281164
39087,7338.3000451290245
39089,211438.49231896034
39091,389097.20955882355
39093,91887.44765153815
39095,71826.0056647351
39097,552455.1695075758
39099,91718.90418836806
39101,456499.171875
39103,153089.7285907452
39105,16530.289033777575
39107,380480.4915178571
39109,456029.60321969696
39111,5372.04846572876
39113,158900.9030997984
39115,18626.9611364294
39117,333913.4784482759
39119,68858.63743082683
39121,13661.86061885439
39123,118901.28692464391
39125,427074.07765151514
39127,89402.55334472656
39129,427093.98713235295
39131,62321.46669921875
39133,79596.66368582589
39135,386871.6107142857
39137,502051.6955357143
39139,186562.33086993243
39141,173646.24856567383
39143,429245.22869001114
39145,41525.03647055277
39147,444227.78214285715
39149,398974.3984375
39151,127352.21831054687
39153,19788.79519856771
39155,94131.60144292092
39157,75619.09650935684
39159,394726.83984375
39161,477971.8072916667
39163,15033.442294416756
39165,155089.5337611607
39167,28817.906263427736
39169,210850.10807291666
39171,336552.52138157893
39173,434245.7393617021
39175,405903.0556640625
40001,46218.780180431546
40003,187940.25954861112
40005,24060.952749151933
40007,52633.56671355988
40009,26809.98990681966
40011,90992.3055199795
40013,33562.00033569336
40015,88286.05605258736
40017,98374.44051846591
40019,20135.548713684082
40021,30002.35433096256
40023,42836.41283743722
40025,46905.73642042467
40027,8907.248918533325
40029,59663.38717651367
40031,21663.336752401818
40033,75045.8544921875
40035,60097.47521772541
40037,7218.122904750279
40039,94487.65444335938
40041,37144.08979797363
40043,51270.11923828125
40045,17292.823465504367
40047,205522.31228298612
40049,24192.243145636792
40051,44021.590030445775
40053,212828.08441840278
40055,94367.88702277417
40057,107440.94649621213
40059,36632.17859529194
40061,33610.258984375
40063,22615.678847015883
40065,258297.89090401787
40067,31140.437920932112
40069,28108.528902094415
40071,144449.78822835287
40073,123847.03645833333
40075,102108.72340539383
40077,17745.813834396064
40079,24875.957795461018
40081,8802.464222935268
40083,43659.09930974787
40085,26397.523733428032
40087,20521.082643995098
40089,19825.019135728868
40091,19782.78348795573
40093,67990.56640625
40095,20565.400553385418
40097,44550.815077670784
40099,18647.868939799646
40101,43119.7333984375
40103,85249.4687319155
40105,35402.71563585069
40107,12687.535287252287
40109,16005.826341901507
40111,22476.1527030513
40113,11565.878637360363
40115,91606.38948567708
40117,15763.036304292225
40119,12592.053300965506
40121,16079.53196429262
40123,18001.629196454895
40125,11565.108644719709
40127,12577.150708215888
40129,18989.425112840607
40131,32322.692095588234
40133,10266.187844669117
40135,41537.410344050484
40137,17208.87169731988
40139,137673.2344550591
40141,112392.41174879808
40143,21719.510246276855
40145,70148.54494458575
40147,41874.847005208336
40149,98569.20736607142
40151,77888.72665649414
40153,27206.62856389188
41001,22580.651344945236
41003,50034.474239681076
41005,34789.74220557816
41007,2814.9308509409384
41009,14222.550354321798
41011,6175.9823070500515
41013,16645.542773837005
41015,1071.798123886372
41017,3149.2879511951924
41019,5735.660176833118
41021,70791.62609874501
41023,3400.413957760447
41025,5187.344995215125
41027,12489.48237641144
41029,6961.309247799409
41031,22794.79850357515
41033,4641.402328901905
41035,16914.795596464817
41037,6530.5805923428015
41039,8727.041632438628
41041,1260.6457201982928
41043,46585.74362917119
41045,11474.837061946897
41047,102104.44738267218
41049,74655.40997963982
41051,25161.740763071422
41053,86703.90651597647
41055,133303.53458620707
41057,6063.86055368959
41059,133298.5745095461
41061,44705.23599911484
41063,13084.43294205663
41065,31290.966548097003
41067,84390.00557086944
41069,2964.6045206298827
41071,63737.773033158825
42001,114914.14630909455
42003,7404.742597379684
42005,30989.677651263297
42007,27775.78793334961
42009,32855.710575252386
42011,97414.009375
42013,33988.42644299959
42015,34082.71374789151
42017,43541.23503806374
42019,40004.06486002604
42021,28231.370384803184
42023,301.25696691973457
42025,16084.02616228376
42027,37090.121448516846
42029,94129.82810017213
42031,30523.720145089286
42033,9308.141798474067
42035,10248.380260652111
42037,84047.60962677002
42039,64512.89157992978
42041,108269.1322265625
42043,72977.93931616806
42045,7915.084855760847
42047,4549.163775757739
42049,25525.051933938223
42051,22320.482393818518
42053,2568.82737468851
42055,91791.57265218098
42057,25792.30291193182
42059,14905.993049274792
42061,25468.826008630178
42063,42585.76288052263
42065,22321.65654190727
42067,58754.70069934476
42069,12096.35446436265
42071,181486.30715762867
42073,83164.06411345108
42075,170677.9241898148
42077,111425.9364420573
42079,13886.84554862976
42081,23509.7587335059
42083,3689.607919172237
42085,93919.673828125
42087,53673.9859703327
42089,10637.94844718413
42091,19574.865353670986
42093,147818.42274305556
42095,103005.99947916667
42097,121760.84903492648
42099,61917.17174979968
42101,1678.4856329996448
42103,745.434342717513
42105,6231.674189141819
42107,41437.99441002155
42109,79590.21712239583
42111,32647.094583650916
42113,7326.855417313114
42115,21938.6806640625
42117,23927.253550938196
42119,86464.46324224057
42121,16675.46780298111
42123,7289.395929075339
42125,28116.41554703251
42127,8563.080769942979
42129,32932.89670817057
42131,19600.34486931382
42133,151368.67341549296
44001,3136.522300720215
44003,1213.8478556546297
44005,2111.262053785261
44007,2254.638569423131
44009,3716.713319116254
45001,27706.472981770832
45003,23183.498651045786
45005,55052.07168240017
45007,31706.12922014509
45009,63985.32015625
45011,51222.82623498705
45013,1939.5467373737474
45015,5514.818687846152
45017,137453.0824722782
45019,1715.9447325355154
45021,22423.623322663483
45023,13871.422875976563
45025,32968.342131438076
45027,105984.94463239398
45029,14621.66688289608
45031,136430.0720703125
45033,141988.7427262931
45035,34460.81743910048
45037,10884.395577748617
45039,3786.9065322875977
45041,80465.14608238483
45043,5214.3429749128645
45045,12377.418998506335
45047,11151.675788206212
45049,54228.160284133184
45051,45289.613350175525
45053,5231.227523699225
45055,13892.560840673614
45057,13799.541795885241
45059,16232.861209522594
45061,163801.5230189732
45063,23742.676804421164
45065,12450.927072030527
45067,66189.28819444444
45069,102155.27433607314
45071,17073.912427382034
45073,11411.850806028946
45075,112609.64832951472
45077,8090.645829518636
45079,20768.164432994105
45081,17941.851806640625
45083,19086.14587602459
45085,86688.64724669165
45087,13778.963829570346
45089,66489.36764167337
45091,14384.024548588966
46003,238397.59024047852
46005,245953.37136008524
46007,35663.95361418951
46009,344417.8779761905
46011,292262.171875
46013,280436.6257011218
46015,209060.23778568098
46017,57718.43999565972
46019,5197.206249592467
46021,139613.3289534772
46023,271433.21544656635
46025,258249.7638056507
46027,523763.58971774194
46029,283486.9586588542
46031,36713.2188864267
46033,4171.492386841957
46035,347897.3399621212
46037,235297.24716796874
46039,272408.5
46041,23443.668686775163
46043,379603.58229166665
46045,237421.5595014523
46047,8076.608828683185
46049,248706.72456190322
46051,277898.1938100961
46053,101327.63904486762
46055,51393.96285782999
46057,369409.80859375
46059,173999.61897160456
46061,355092.31979166664
46063,13695.87025031265
46065,139090.56284005303
46067,421433.35069444444
46069,85871.22798361706
46071,54039.93181037903
46073,160497.0666015625
46075,47893.83379944759
46077,307625.94244791666
46079,467181.46109693876
46081,8614.299993268905
46083,525204.2492559524
46085,86520.16581726074
46087,475817.58545918367
46089,110459.34977384869
46091,192297.39296875
46093,16630.098070953605
46095,20035.946388711734
46097,297917.9646577381
46099,420124.70382254466
46101,451979.76160714286
46102,9213.870611309057
46103,15506.837496011653
46105,24938.923393804376
46107,226887.67453529095
46109,289050.6774960472
46111,195632.28585379463
46115,342948.3970959596
46117,62114.5507674584
46119,246533.24992163386
46121,12975.690750457428
46123,94572.0194590693
46125,489500.63839285716
46127,589655.5770833333
46129,194042.83345853366
46135,351609.5111908784
46137,23137.31932488389
47001,9738.997098128
47003,69197.0599330357
47005,30983.618972252156
47007,36576.175276131464
47009,22276.50518562714
47011,30544.5642578125
47013,6651.487264037132
47015,85597.11904761905
47017,166607.834815492
47019,7316.394528198242
47021,21491.87178178267
47023,83981.583984375
47025,19761.157682291665
47027,22475.47803955078
47029,15344.25668777958
47031,167343.08014787946
47033,440698.88157894736
47035,23454.347819876162
47037,19117.07220623944
47039,36643.87908935547
47041,53596.2918141683
47043,16166.665201822916
47045,400058.55345394736
47047,149946.00824652778
47049,14980.705146736569
47051,102410.22038130327
47053,393152.1199127907
47055,69029.74639756944
47057,29083.207625679348
47059,40654.659126790364
47061,24285.76907664332
47063,44614.554524739586
47065,10825.29511207758
47067,16740.20606994629
47069,84195.360107421875
47071,49748.28075009301
47073,21051.855102539062
47075,353790.61957465275
47077,91998.00285456731
47079,181184.0920608108
47081,17447.76535727761
47083,9133.321476236979
47085,26179.038157393294
47087,13816.784275220789
47089,38780.277388139206
47091,9646.755089169457
47093,17224.92639366356
47095,434920.65066964284
47097,321147.0962837838
47099,108473.47131347656
47101,11587.86064453125
47103,123929.31304505814
47105,42647.40563964844
47107,36130.545638020834
47109,56589.341584578804
47111,38588.42638578869
47113,175698.18030427632
47115,22960.073363360236
47117,48993.39558919271
47119,54152.256510416664
47121,22946.9052734375
47123,24874.60411226419
47125,80584.07724859775
47127,31113.9423828125
47129,9724.091767665319
47131,348589.8237179487
47133,28564.805603027344
47135,10938.53017893145
47137,32058.696663992745
47139,13759.7360663414
47141,40430.21109008789
47143,20929.868614783652
47145,17112.973388671875
47147,220260.58140120967
47149,52375.87082122093
47151,4334.559677410126
47153,17342.851459703947
47155,13069.922381729915
47157,98391.7435546875
47159,37755.83433024088
47161,11077.576621791295
47163,21628.566604614258
47165,60666.314653445515
47167,334982.2447916667
47169,40047.47509765625
47171,2311.8791856765747
47173,16851.01991332205
47175,15318.11376953125
47177,102450.03793440195
47179,47229.76403808594
47181,16684.967733487218
47183,286606.6773255814
47185,61497.023978097095
47187,41262.83944038723
47189,33740.626953125
48001,52352.57882502049
48003,35296.18162515813
48005,21397.965675354004
48007,11398.675620230026
48009,20493.06609235491
48011,45482.69657065652
48013,14783.090293627107
48015,78319.7772640306
48017,107325.32180397728
48019,820.3155750547137
48021,33271.385982572116
48023,29062.652646988157
48025,63001.869110576925
48027,80065.43545492593
48029,16484.92461443962
48031,1858.3955307006836
48033,16729.11063861847
48035,7496.850881215689
48037,36803.88861357276
48039,51744.32801815168
48041,66863.87718563988
48043,331.9713089283508
48045,54064.202256944445
48047,16668.430558638138
48049,5033.085189192262
48051,81851.35042317708
48053,2071.8969880224954
48055,52530.15673828125
48057,60775.966669142086
48059,7127.358557807074
48061,166625.17819716758
48063,75712.765234375
48065,136440.3937426567
48067,30108.35799612126
48069,436889.0089285714
48071,30338.15511588633
48073,38006.367094341076
48075,77567.15558087385
48077,16104.073971170774
48079,170877.751685049
48081,7696.428410318163
48083,8651.98941862985
48085,60650.94794291835
48087,92134.35788690476
48089,93423.07250622736
48091,3566.7863947550454
48093,18228.66166709126
48095,50282.30723499607
48097,26779.853377157182
48099,13372.899222122995
48101,26374.530713025262
48103,4725.076028717889
48105,417.0260158520119
48107,232222.76990327382
48109,2170.741609117634
48111,230537.23201744002
48113,19174.857208251953
48115,237383.39620535713
48117,129354.48435527146
48119,72130.29864211309
48121,24326.85962689112
48123,42433.743719951926
48125,47076.00984773182
48127,2512.0394465255736
48129,31649.67993694803
48131,6796.024291674296
48133,8203.166638542623
48135,2725.1043961933683
48137,143.30515578697467
48139,90113.26327558878
48141,56688.03909243328
48143,22124.01155491879
48145,125438.60267857143
48147,46989.71826923077
48149,56714.090106110074
48151,78622.39516679068
48153,336374.97433035716
48155,29486.57924906413
48157,112344.16041976686
48159,77104.02478966347
48161,80358.56658935547
48163,53988.9272627397
48165,231960.0576615767
48167,23427.12842574411
48169,33906.38957584926
48171,6418.533439831856
48173,94653.3460484096
48175,35819.12890625
48177,55131.35762746711
48179,49551.69577069964
48181,50491.61677706069
48183,52189.71576286765
48185,71623.71565193965
48187,70176.34485315393
48189,518757.71875
48191,81401.42877294146
48193,13053.932749602754
48195,353240.58637152775
48197,49903.10991962139
48199,13206.773685893075
48201,22357.976004983495
48203,34677.14710887964
48205,220905.41658528647
48207,92623.91583426339
48209,5330.325124935228
48211,4865.812164306641
48213,68149.64204030797
48215,188958.93761553083
48217,112750.14207589286
48219,338396.45148026315
48221,12485.181657462284
48223,98284.56778067129
48225,48879.91507273707
48227,43825.70528678894
48229,5281.304178149064
48231,38687.26406541511
48233,86826.55650774638
48235,680.6580188800763
48237,3961.266517162323
48239,142609.96428098518
48241,13164.162051576557
48243,301.9962094466879
48245,47401.146099803875
48247,2794.4129885718935
48249,54858.75743001302
48251,28670.54243259804
48253,79101.84390500993
48255,35471.04064711085
48257,44107.78996672454
48259,1297.430335828993
48261,6917.5579293795245
48263,4728.960581207275
48265,746.9558657169342
48267,774.2502139584049
48269,2382.1917045835467
48271,2138.9397895262414
48273,37306.73870949585
48275,87550.61857029649
48277,66048.88627772177
48279,371996.6851663961
48281,2727.0982510602034
48283,5239.976856447615
48285,47822.26254185268
48287,52596.56652832031
48289,53132.87510016026
48291,29331.451589444787
48293,50498.67522321428
48295,16228.65031408885
48297,20149.63946533203
48299,1993.9192040671765
48301,89.14786284310478
48303,382879.5553075397
48305,252152.56510416666
48307,13025.340670631045
48309,85974.99313836348
48311,6557.088685647035
48313,62284.431048768936
48315,17648.308702256945
48317,91708.57578996931
48319,3454.286202294486
48321,84023.33066577988
48323,9208.427867036708
48325,61713.621349381814
48327,1399.6550001902124
48329,32042.24336751302
48331,71744.25249565972
48333,3995.059228515625
48335,40019.613097054615
48337,11752.524281377378
48339,22191.05632474825
48341,282747.0915052626
48343,77704.61349826389
48345,27310.514103084417
48347,32597.362837843208
48349,65713.73163555194
48351,6807.220105023452
48353,37173.93119027274
48355,244318.81716249013
48357,210588.34611777653
48359,9650.864849506725
48361,23519.320001010237
48363,4580.9125441331125
48365,41185.781781112935
48367,15131.113282993862
48369,306970.16319444444
48371,4383.688344542743
48373,5426.661251254198
48375,6610.225142996652
48377,6833.091137183518
48379,71194.94140625
48381,53822.98003859747
48383,24052.205044655573
48385,264.8587802438175
48387,42027.648301235466
48389,2229.5107303217837
48391,114613.70805882696
48393,2897.787027449835
48395,54074.24360509073
48397,25251.163696289062
48399,65526.618672688805
48401,57081.140462239586
48403,5536.897898997113
48405,12977.941571285957
48407,12510.541446940104
48409,258719.3560953909
48411,8053.3633862006955
48413,1616.8246320474027
48415,32772.936353410994
48417,10821.318241010393
48419,30530.57145996094
48421,378899.9384920635
48423,55685.548983808876
48425,6289.296569824219
48427,37889.95049006765
48429,2584.1127511160716
48431,1861.5353820911353
48433,19889.98590044294
48435,226.68715351759786
48437,262180.24363425927
48439,10175.342653111049
48441,34642.3806780134
48443,47.53084520860152
48445,306642.09151785716
48447,15873.066939653669
48449,93279.95676185345
48451,61538.416222374035
48453,25037.316450145147
48455,14387.737194824218
48457,12895.499479630414
48459,60943.70303819444
48461,11965.752526608909
48463,47499.83133710225
48465,697.7390030860901
48467,75460.74103338068
48469,107259.38251657198
48471,35251.67696406924
48473,82669.23396381579
48475,1015.415327390035
48477,63446.026544744316
48479,2528.9577320861817
48481,234379.16377314815
48483,20206.177730887277
48485,48547.636039402176
48487,60216.03241838728
48489,192774.83303608507
48491,88915.14107680903
48493,46691.42972117457
48495,288.5048343289283
48497,15505.029336983816
48499,52963.80221354167
48501,219369.13611653645
48503,15807.706482872596
48505,3909.828615142078
48507,18018.786972469752
49001,3068.6519989755407
49003,11914.584227733747
49005,40657.71863352458
49007,2242.914767126479
49009,3763.1029788190667
49011,4192.1358630000605
49013,5851.660485367886
49015,1323.0070102925708
49017,1353.7817534543265
49019,440.8853562792416
49021,4641.432755826955
49023,3317.883629160479
49025,692.6200451525632
49027,2204.545456175661
49029,5403.310811275906
49031,6687.225926497887
49033,14143.347929382324
49035,8324.00104394058
49037,2719.643010144903
49039,10995.282034829399
49041,4282.145468997259
49043,4032.8678808182735
49045,815.0742727555297
49047,2078.596573360275
49049,14491.264996993235
49051,5274.594794201595
49053,2573.502174812451
49055,1127.913664535476
49057,13894.827476444914
50001,20661.581274094122
50003,4185.941169720776
50005,2687.222008148829
50007,8213.49908383288
50009,1513.0558397483826
50011,27236.19686979406
50013,56649.928798081884
50015,2882.9592911856516
50017,2274.2615859660696
50019,6949.40680847168
50021,5235.142651529023
50023,1703.4449200532874
50025,798.2529087773075
50027,795.0989061461555
51001,46086.452186939525
51003,10251.709855957031
51005,2733.464857816696
51007,26581.18956580529
51009,7249.521711910472
51011,16529.830136506454
51013,10.1337890625
51015,33712.51628919329
51017,2902.627797640287
51019,22513.154691256008
51021,12352.930878815827
51023,14456.048448944091
51025,22538.068256578947
51027,588.3855534281049
51029,6968.919405850497
51031,18143.31549228766
51033,60041.31079727564
51035,21827.039021809895
51036,51995.08119295528
51037,19351.269761827258
51041,8732.670336042132
51043,46626.962965745195
51045,9485.854545261549
51047,54182.74289279514
51049,10676.805530894886
51051,1624.7655671726573
51053,36903.480669070515
51057,120853.50489651869
51059,3501.5313911628095
51061,41365.613869900175
51063,24000.61395037616
51065,8208.40615234375
51067,16683.88591452206
51069,23888.671835763114
51071,9209.016043395995
51073,38817.05626990443
51075,18881.074835526317
51077,21111.821687825523
51079,15765.1904296875
51081,86070.07283528645
51083,16119.339001464843
51085,67321.6232421875
51087,28606.362901475695
51089,8214.102620442709
51091,11363.079109454977
51093,132464.03356198498
51095,12870.760108300638
51097,79880.91357421875
51099,30290.841349283855
51101,98123.16337316176
51103,22680.260707374924
51105,17239.55008488713
51107,48888.57921316964
51109,14356.332313939145
51111,15585.520614624023
51113,42318.444981892906
51115,15131.837260765624
51117,27471.740852200255
51119,61528.70126016158
51121,20949.616202218192
51125,5802.934882886482
51127,49232.925666360294
51131,50052.56858936836
51133,121162.5414666794
51135,14822.201349431818
51137,36892.02615234375
51139,22014.10851520041
51141,9288.890062120227
51143,18569.61290128466
51145,16130.276752672697
51147,13180.32517578125
51149,39418.73933490954
51153,16908.51802415114
51155,27569.551025390625
51157,19170.10314360119
51159,100637.51432291667
51161,9606.446417557565
51163,15544.111020110375
51165,37097.74150848389
51167,21200.092356363934
51169,12450.484274291992
51171,32376.05909768129
51173,22052.788122928505
51175,138883.7109375
51177,18205.29988344254
51179,11734.122937654194
51181,75402.60898075273
51183,58577.4677734375
51185,16603.68343925476
51187,14229.161804199219
51191,30346.178478706173
51193,100438.17405941612
51195,9193.759460449219
51197,31667.25701349432
51199,6859.806357564532
51510,1184.3815383911133
51520,29943.580078125
51540,5157.888671875
51550,119861.330686216
51570,12681.2197265625
51580,2163.16064453125
51590,10266.516276041666
51630,12521.94140625
51640,32815.31640625
51650,499.29031814827283
51660,34931.51171875
51680,6645.905924479167
51683,25188.046875
51690,9284.12744140625
51700,399.23222354491423
51710,11.861639196633146
51720,17424.892578125
51730,29778.4794921875
51735,422.9381044593271
51740,5517.84423828125
51750,33127.55078125
51760,3272.647253417969
51770,10651.39697265625
51775,14363.244140625
51790,48984.1953125
51800,111409.6181936553
51810,47308.36934454735
51820,29423.9052734375
51840,37033.51171875
53001,222432.59441289838
53003,72390.13134680854
53005,120107.75332509191
53007,8644.10590508947
53009,6187.252550043024
53011,79631.41202181861
53013,189844.84957333468
53015,13747.500940811067
53017,108243.26193329782
53019,5517.1907594799995
53021,189011.30280172414
53023,179131.24622701717
53025,199155.93920813667
53027,10152.383236412425
53029,37413.703155301206
53031,2922.718691959102
53033,18296.13698974209
53035,5225.969660905657
53037,20311.34931251408
53039,47126.3862031036
53041,30408.629199943978
53043,219054.29189438847
53045,3623.7627433751104
53047,11947.198220486815
53049,9517.14002566834
53051,10328.548384168973
53053,11554.308309488053
53055,32900.24427451748
53057,23491.328095934718
53059,2050.913457656746
53061,28853.092629817624
53063,128979.39164379609
53065,15579.610911068996
53067,38186.260766506195
53069,15394.98523524118
53071,312945.9577799479
53073,55943.22861756101
53075,363519.08369259717
53077,45453.0868341186
54001,10772.691172724184
54003,35637.8906656901
54005,533.2003099209553
54007,1584.9299039338764
54009,12321.561360677084
54011,2822.1299344843083
54013,663.7008454172235
54015,489.4667288340055
54017,944.2262420654297
54019,2150.996919227683
54021,2309.730323486328
54023,16303.584392323213
54025,7435.569450590346
54027,10808.709642198352
54029,12354.612723214286
54031,12991.814057140815
54033,11731.661684097782
54035,5753.123863220215
54037,86410.8703125
54039,755.0538065616901
54041,7150.558757488544
54043,703.4405624071757
54045,583.0400568842888
54047,267.491199749272
54049,6155.971115444017
54051,4594.836922607422
54053,21742.742536272322
54055,3567.9997040884837
54057,11368.7932421875
54059,480.30353692919016
54061,7972.864324155061
54063,14444.452995749081
54065,5758.1790601942275
54067,3491.586784248352
54069,13652.39047241211
54071,5662.468761731993
54073,2499.9774780273438
54075,3268.084709209336
54077,13118.476989746094
54079,2560.2605789847994
54081,4934.474966557821
54083,3195.82088186802
54085,3108.011367082596
54087,2463.9772923060827
54089,3983.926682105431
54091,14761.300496419271
54093,4344.833503341675
54095,3820.113798353407
54097,10332.665104477494
54099,939.858167598122
54101,829.8449512915925
54103,295.468167738481
54105,2097.61969981474
54107,6110.278298011193
54109,188.02004400226804
55001,69894.71790364584
55003,1430.6771265723685
55005,130633.90252685547
55007,2298.6885187062426
55009,128696.29787071078
55011,131403.08704552284
55013,28751.63916755445
55015,199782.40972360538
55017,111621.80235980308
55019,94906.6738792242
55021,218496.78359375
55023,90396.5727717702
55025,245816.78825431035
55027,259411.8349609375
55029,15798.7784218834
55031,3931.4225080958654
55033,173819.18753255208
55035,109312.28675672744
55037,3253.159915642305
55039,230072.2763310185
55041,2249.716278499848
55043,220217.98811141305
55045,312163.61070478725
55047,236909.244140625
55049,184233.61698091947
55051,1274.50518378801
55053,77320.56820463798
55055,292606.0037202381
55057,91514.25628465222
55059,100399.04319914118
55061,51432.67730086081
55063,110370.17921496976
55065,314657.1026785714
55067,32466.907138824463
55069,11477.639698132873
55071,69546.10003236178
55073,75268.28783275464
55075,22776.214245485775
55077,106928.13918457032
55078,4395.35827530755
55079,9864.024540503264
55081,92294.23748497597
55083,59085.54234264026
55085,3341.2366768936085
55087,191564.80970982142
55089,25140.991931353707
55091,196278.87578125
55093,234042.91333575582
55095,108083.28574625652
55097,124506.80241935483
55099,4452.805567560535
55101,91464.57569380265
55103,69872.0888893821
55105,386042.3137254902
55107,35267.18634033203
55109,185113.5331632653
55111,145039.59251644736
55113,5423.869183450643
55115,88177.84398626511
55117,72979.79463591144
55119,48742.44615970959
55121,175692.53115957754
55123,123774.12318638393
55125,1289.9039549032848
55127,360008.5230654762
55129,21534.426785093365
55131,142298.87135416668
55133,122039.49441964286
55135,111988.43637768191
55137,123394.92646484375
55139,172622.65525258533
55141,83979.9192199707
56001,6860.587023563385
56003,13159.352970549675
56005,1695.4280787751036
56007,2288.152420768353
56009,1489.9154359456654
56011,3134.21354340572
56013,3302.6875453826624
56015,40550.740009880064
56017,2103.058385903902
56019,2020.810296510673
56021,33128.03338200639
56023,3628.3385097477712
56025,945.1213727147956
56027,2194.657595927172
56029,7024.936930714586
56031,15581.636725747661
56033,3311.0888497803526
56035,5244.428592260662
56037,390.86014423111703
56039,865.0344434356766
56041,8324.457189760007
56043,15071.694247190762
56045,623.8035360018413
60010,513.8919921875
60020,0
60030,0
60040,0
60050,0
66010,59501.34039899552
69085,1.476846834510026e-4
69100,0.06591068027773872
69110,2.3372675059363246e-4
69120,0.003975857055047527
72001,2881.181994628906
72003,36971.20029873891
72005,40483.73367649113
72007,22695.797526041668
72009,56564.1015625
72011,33569.268880208336
72013,36677.971153846156
72015,734.4478759110983
72017,66792.79947916667
72019,51661.7421875
72021,24343.87890625
72023,12645.469229551638
72025,32539.708984375
72027,68894.93359375
72029,18275.869140625
72031,23753.054362573494
72033,19072.095703125
72035,25108.2849609375
72037,2658.894730894297
72039,16523.749389648438
72041,35876.57421875
72043,51565.696875
72045,36460.39453125
72047,45964.604166666664
72049,7.03948680893518e-5
72051,48942.10546875
72053,3655.980209227855
72054,22696.515625
72055,4751.2537841796875
72057,1762.293230301185
72059,3357.7088623046875
72061,15280.240234375
72063,56514.627604166664
72065,41963.107421875
72067,45297.859375
72069,76872.560546875
72071,34491.17787227689
72073,12638.060139973959
72075,16871.511524212066
72077,129966
72079,17122.627117752974
72081,13847.9900390625
72083,10731.817728678385
72085,161503.453125
72087,4.883931833319366e-4
72089,2.440097159706056e-4
72091,22146.739990234375
72093,460.3701477050781
72095,7948.56209296803
72097,3409.1251929920363
72099,62326.067708333336
72101,39544.044921875
72103,51424.84541011697
72105,30889.576171875
72107,38336.17578125
72109,3196.674828983727
72111,3223.060244673246
72113,4704.520502608458
72115,62140.4833984375
72117,14810.975781658577
72119,31423.65269465305
72121,27465.845703125
72123,8054.632250858727
72125,28903.03662109375
72127,9695.099149246851
72129,57022.582682291664
72131,52513.7509765625
72133,15759.049926757812
72135,52876.91015625
72137,26539.920572916668
72139,42071.7783203125
72141,3981.2471749441966
72143,62591.893229166664
72145,21412.875
72147,7090.119233166014
72149,28476.134765625
72151,28277.109171484015
72153,1389.1114763532366
78010,299.08672578353816
78020,9.429322381038219e-5
78030,8.143505692714825e-5
